,precinct,candidates,location,address
0,MINNEAPOLIS W-3 P-03,"[{'party': 'REPUBLICAN', 'name': 'Donald J. Trump', 'office': 'U.S. Presidential Nominee'}, {'party': 'DEMOCRATIC-FARMER-LABOR', 'name': 'Deval Patrick', 'office': 'U.S. Presidential Nominee'}, {'party': 'DEMOCRATIC-FARMER-LABOR', 'name': 'Tom Steyer', 'office': 'U.S. Presidential Nominee'}, {'party': 'DEMOCRATIC-FARMER-LABOR', 'name': 'Pete Buttigieg', 'office': 'U.S. Presidential Nominee'}, {'party': 'DEMOCRATIC-FARMER-LABOR', 'name': 'Amy Klobuchar', 'office': 'U.S. Presidential Nominee'}, {'party': 'DEMOCRATIC-FARMER-LABOR', 'name': 'Julián Castro', 'office': 'U.S. Presidential Nominee'}, {'party': 'DEMOCRATIC-FARMER-LABOR', 'name': 'John K. Delaney', 'office': 'U.S. Presidential Nominee'}, {'party': 'DEMOCRATIC-FARMER-LABOR', 'name': 'Marianne Williamson', 'office': 'U.S. Presidential Nominee'}, {'party': 'DEMOCRATIC-FARMER-LABOR', 'name': 'Bernie Sanders', 'office': 'U.S. Presidential Nominee'}, {'party': 'DEMOCRATIC-FARMER-LABOR', 'name': 'Andrew Yang', 'office': 'U.S. Presidential Nominee'}, {'party': 'DEMOCRATIC-FARMER-LABOR', 'name': 'Elizabeth Warren', 'office': 'U.S. Presidential Nominee'}, {'party': 'DEMOCRATIC-FARMER-LABOR', 'name': 'Tulsi Gabbard', 'office': 'U.S. Presidential Nominee'}, {'party': 'DEMOCRATIC-FARMER-LABOR', 'name': 'Michael R. Bloomberg', 'office': 'U.S. Presidential Nominee'}, {'party': 'DEMOCRATIC-FARMER-LABOR', 'name': 'Joseph Biden', 'office': 'U.S. Presidential Nominee'}, {'party': 'DEMOCRATIC-FARMER-LABOR', 'name': 'Uncommitted', 'office': 'U.S. Presidential Nominee'}, {'party': 'DEMOCRATIC-FARMER-LABOR', 'name': 'Cory Booker', 'office': 'U.S. Presidential Nominee'}, {'party': 'DEMOCRATIC-FARMER-LABOR', 'name': 'Michael Bennet', 'office': 'U.S. Presidential Nominee'}]",MARCY OPEN SCHOOL,"415 4TH AVE SE MINNEAPOLIS, MN 55414"
1,MINNEAPOLIS W-3 P-02,"[{'party': 'REPUBLICAN', 'name': 'Donald J. Trump', 'office': 'U.S. Presidential Nominee'}, {'party': 'DEMOCRATIC-FARMER-LABOR', 'name': 'Deval Patrick', 'office': 'U.S. Presidential Nominee'}, {'party': 'DEMOCRATIC-FARMER-LABOR', 'name': 'Tom Steyer', 'office': 'U.S. Presidential Nominee'}, {'party': 'DEMOCRATIC-FARMER-LABOR', 'name': 'Pete Buttigieg', 'office': 'U.S. Presidential Nominee'}, {'party': 'DEMOCRATIC-FARMER-LABOR', 'name': 'Amy Klobuchar', 'office': 'U.S. Presidential Nominee'}, {'party': 'DEMOCRATIC-FARMER-LABOR', 'name': 'Julián Castro', 'office': 'U.S. Presidential Nominee'}, {'party': 'DEMOCRATIC-FARMER-LABOR', 'name': 'John K. Delaney', 'office': 'U.S. Presidential Nominee'}, {'party': 'DEMOCRATIC-FARMER-LABOR', 'name': 'Marianne Williamson', 'office': 'U.S. Presidential Nominee'}, {'party': 'DEMOCRATIC-FARMER-LABOR', 'name': 'Bernie Sanders', 'office': 'U.S. Presidential Nominee'}, {'party': 'DEMOCRATIC-FARMER-LABOR', 'name': 'Andrew Yang', 'office': 'U.S. Presidential Nominee'}, {'party': 'DEMOCRATIC-FARMER-LABOR', 'name': 'Elizabeth Warren', 'office': 'U.S. Presidential Nominee'}, {'party': 'DEMOCRATIC-FARMER-LABOR', 'name': 'Tulsi Gabbard', 'office': 'U.S. Presidential Nominee'}, {'party': 'DEMOCRATIC-FARMER-LABOR', 'name': 'Michael R. Bloomberg', 'office': 'U.S. Presidential Nominee'}, {'party': 'DEMOCRATIC-FARMER-LABOR', 'name': 'Joseph Biden', 'office': 'U.S. Presidential Nominee'}, {'party': 'DEMOCRATIC-FARMER-LABOR', 'name': 'Uncommitted', 'office': 'U.S. Presidential Nominee'}, {'party': 'DEMOCRATIC-FARMER-LABOR', 'name': 'Cory Booker', 'office': 'U.S. Presidential Nominee'}, {'party': 'DEMOCRATIC-FARMER-LABOR', 'name': 'Michael Bennet', 'office': 'U.S. Presidential Nominee'}]",FIRST CONGREGATIONAL CHURCH OF MN,"500 8TH AVE SE MINNEAPOLIS, MN 55414"
2,MINNEAPOLIS W-2 P-05,"[{'party': 'REPUBLICAN', 'name': 'Donald J. Trump', 'office': 'U.S. Presidential Nominee'}, {'party': 'DEMOCRATIC-FARMER-LABOR', 'name': 'Deval Patrick', 'office': 'U.S. Presidential Nominee'}, {'party': 'DEMOCRATIC-FARMER-LABOR', 'name': 'Tom Steyer', 'office': 'U.S. Presidential Nominee'}, {'party': 'DEMOCRATIC-FARMER-LABOR', 'name': 'Pete Buttigieg', 'office': 'U.S. Presidential Nominee'}, {'party': 'DEMOCRATIC-FARMER-LABOR', 'name': 'Amy Klobuchar', 'office': 'U.S. Presidential Nominee'}, {'party': 'DEMOCRATIC-FARMER-LABOR', 'name': 'Julián Castro', 'office': 'U.S. Presidential Nominee'}, {'party': 'DEMOCRATIC-FARMER-LABOR', 'name': 'John K. Delaney', 'office': 'U.S. Presidential Nominee'}, {'party': 'DEMOCRATIC-FARMER-LABOR', 'name': 'Marianne Williamson', 'office': 'U.S. Presidential Nominee'}, {'party': 'DEMOCRATIC-FARMER-LABOR', 'name': 'Bernie Sanders', 'office': 'U.S. Presidential Nominee'}, {'party': 'DEMOCRATIC-FARMER-LABOR', 'name': 'Andrew Yang', 'office': 'U.S. Presidential Nominee'}, {'party': 'DEMOCRATIC-FARMER-LABOR', 'name': 'Elizabeth Warren', 'office': 'U.S. Presidential Nominee'}, {'party': 'DEMOCRATIC-FARMER-LABOR', 'name': 'Tulsi Gabbard', 'office': 'U.S. Presidential Nominee'}, {'party': 'DEMOCRATIC-FARMER-LABOR', 'name': 'Michael R. Bloomberg', 'office': 'U.S. Presidential Nominee'}, {'party': 'DEMOCRATIC-FARMER-LABOR', 'name': 'Joseph Biden', 'office': 'U.S. Presidential Nominee'}, {'party': 'DEMOCRATIC-FARMER-LABOR', 'name': 'Uncommitted', 'office': 'U.S. Presidential Nominee'}, {'party': 'DEMOCRATIC-FARMER-LABOR', 'name': 'Cory Booker', 'office': 'U.S. Presidential Nominee'}, {'party': 'DEMOCRATIC-FARMER-LABOR', 'name': 'Michael Bennet', 'office': 'U.S. Presidential Nominee'}]",PRATT COMMUNITY SCHOOL,"66 MALCOLM AVE SE MINNEAPOLIS, MN 55414"
3,MINNEAPOLIS W-3 P-01,"[{'party': 'REPUBLICAN', 'name': 'Donald J. Trump', 'office': 'U.S. Presidential Nominee'}, {'party': 'DEMOCRATIC-FARMER-LABOR', 'name': 'Deval Patrick', 'office': 'U.S. Presidential Nominee'}, {'party': 'DEMOCRATIC-FARMER-LABOR', 'name': 'Tom Steyer', 'office': 'U.S. Presidential Nominee'}, {'party': 'DEMOCRATIC-FARMER-LABOR', 'name': 'Pete Buttigieg', 'office': 'U.S. Presidential Nominee'}, {'party': 'DEMOCRATIC-FARMER-LABOR', 'name': 'Amy Klobuchar', 'office': 'U.S. Presidential Nominee'}, {'party': 'DEMOCRATIC-FARMER-LABOR', 'name': 'Julián Castro', 'office': 'U.S. Presidential Nominee'}, {'party': 'DEMOCRATIC-FARMER-LABOR', 'name': 'John K. Delaney', 'office': 'U.S. Presidential Nominee'}, {'party': 'DEMOCRATIC-FARMER-LABOR', 'name': 'Marianne Williamson', 'office': 'U.S. Presidential Nominee'}, {'party': 'DEMOCRATIC-FARMER-LABOR', 'name': 'Bernie Sanders', 'office': 'U.S. Presidential Nominee'}, {'party': 'DEMOCRATIC-FARMER-LABOR', 'name': 'Andrew Yang', 'office': 'U.S. Presidential Nominee'}, {'party': 'DEMOCRATIC-FARMER-LABOR', 'name': 'Elizabeth Warren', 'office': 'U.S. Presidential Nominee'}, {'party': 'DEMOCRATIC-FARMER-LABOR', 'name': 'Tulsi Gabbard', 'office': 'U.S. Presidential Nominee'}, {'party': 'DEMOCRATIC-FARMER-LABOR', 'name': 'Michael R. Bloomberg', 'office': 'U.S. Presidential Nominee'}, {'party': 'DEMOCRATIC-FARMER-LABOR', 'name': 'Joseph Biden', 'office': 'U.S. Presidential Nominee'}, {'party': 'DEMOCRATIC-FARMER-LABOR', 'name': 'Uncommitted', 'office': 'U.S. Presidential Nominee'}, {'party': 'DEMOCRATIC-FARMER-LABOR', 'name': 'Cory Booker', 'office': 'U.S. Presidential Nominee'}, {'party': 'DEMOCRATIC-FARMER-LABOR', 'name': 'Michael Bennet', 'office': 'U.S. Presidential Nominee'}]",UNIVERSITY LUTHERAN CHURCH OF HOPE (3-1),"601 13TH AVE SE MINNEAPOLIS, MN 55414"
4,MINNEAPOLIS W-3 P-13,"[{'party': 'REPUBLICAN', 'name': 'Donald J. Trump', 'office': 'U.S. Presidential Nominee'}, {'party': 'DEMOCRATIC-FARMER-LABOR', 'name': 'Deval Patrick', 'office': 'U.S. Presidential Nominee'}, {'party': 'DEMOCRATIC-FARMER-LABOR', 'name': 'Tom Steyer', 'office': 'U.S. Presidential Nominee'}, {'party': 'DEMOCRATIC-FARMER-LABOR', 'name': 'Pete Buttigieg', 'office': 'U.S. Presidential Nominee'}, {'party': 'DEMOCRATIC-FARMER-LABOR', 'name': 'Amy Klobuchar', 'office': 'U.S. Presidential Nominee'}, {'party': 'DEMOCRATIC-FARMER-LABOR', 'name': 'Julián Castro', 'office': 'U.S. Presidential Nominee'}, {'party': 'DEMOCRATIC-FARMER-LABOR', 'name': 'John K. Delaney', 'office': 'U.S. Presidential Nominee'}, {'party': 'DEMOCRATIC-FARMER-LABOR', 'name': 'Marianne Williamson', 'office': 'U.S. Presidential Nominee'}, {'party': 'DEMOCRATIC-FARMER-LABOR', 'name': 'Bernie Sanders', 'office': 'U.S. Presidential Nominee'}, {'party': 'DEMOCRATIC-FARMER-LABOR', 'name': 'Andrew Yang', 'office': 'U.S. Presidential Nominee'}, {'party': 'DEMOCRATIC-FARMER-LABOR', 'name': 'Elizabeth Warren', 'office': 'U.S. Presidential Nominee'}, {'party': 'DEMOCRATIC-FARMER-LABOR', 'name': 'Tulsi Gabbard', 'office': 'U.S. Presidential Nominee'}, {'party': 'DEMOCRATIC-FARMER-LABOR', 'name': 'Michael R. Bloomberg', 'office': 'U.S. Presidential Nominee'}, {'party': 'DEMOCRATIC-FARMER-LABOR', 'name': 'Joseph Biden', 'office': 'U.S. Presidential Nominee'}, {'party': 'DEMOCRATIC-FARMER-LABOR', 'name': 'Uncommitted', 'office': 'U.S. Presidential Nominee'}, {'party': 'DEMOCRATIC-FARMER-LABOR', 'name': 'Cory Booker', 'office': 'U.S. Presidential Nominee'}, {'party': 'DEMOCRATIC-FARMER-LABOR', 'name': 'Michael Bennet', 'office': 'U.S. Presidential Nominee'}]",UNIVERSITY LUTHERAN CHURCH OF HOPE (3-13),"601 13TH AVE SE MINNEAPOLIS, MN 55414"
5,MINNEAPOLIS W-2 P-04,"[{'party': 'REPUBLICAN', 'name': 'Donald J. Trump', 'office': 'U.S. Presidential Nominee'}, {'party': 'DEMOCRATIC-FARMER-LABOR', 'name': 'Deval Patrick', 'office': 'U.S. Presidential Nominee'}, {'party': 'DEMOCRATIC-FARMER-LABOR', 'name': 'Tom Steyer', 'office': 'U.S. Presidential Nominee'}, {'party': 'DEMOCRATIC-FARMER-LABOR', 'name': 'Pete Buttigieg', 'office': 'U.S. Presidential Nominee'}, {'party': 'DEMOCRATIC-FARMER-LABOR', 'name': 'Amy Klobuchar', 'office': 'U.S. Presidential Nominee'}, {'party': 'DEMOCRATIC-FARMER-LABOR', 'name': 'Julián Castro', 'office': 'U.S. Presidential Nominee'}, {'party': 'DEMOCRATIC-FARMER-LABOR', 'name': 'John K. Delaney', 'office': 'U.S. Presidential Nominee'}, {'party': 'DEMOCRATIC-FARMER-LABOR', 'name': 'Marianne Williamson', 'office': 'U.S. Presidential Nominee'}, {'party': 'DEMOCRATIC-FARMER-LABOR', 'name': 'Bernie Sanders', 'office': 'U.S. Presidential Nominee'}, {'party': 'DEMOCRATIC-FARMER-LABOR', 'name': 'Andrew Yang', 'office': 'U.S. Presidential Nominee'}, {'party': 'DEMOCRATIC-FARMER-LABOR', 'name': 'Elizabeth Warren', 'office': 'U.S. Presidential Nominee'}, {'party': 'DEMOCRATIC-FARMER-LABOR', 'name': 'Tulsi Gabbard', 'office': 'U.S. Presidential Nominee'}, {'party': 'DEMOCRATIC-FARMER-LABOR', 'name': 'Michael R. Bloomberg', 'office': 'U.S. Presidential Nominee'}, {'party': 'DEMOCRATIC-FARMER-LABOR', 'name': 'Joseph Biden', 'office': 'U.S. Presidential Nominee'}, {'party': 'DEMOCRATIC-FARMER-LABOR', 'name': 'Uncommitted', 'office': 'U.S. Presidential Nominee'}, {'party': 'DEMOCRATIC-FARMER-LABOR', 'name': 'Cory Booker', 'office': 'U.S. Presidential Nominee'}, {'party': 'DEMOCRATIC-FARMER-LABOR', 'name': 'Michael Bennet', 'office': 'U.S. Presidential Nominee'}]",WEISMAN ART MUSEUM,"333 RIVER PKWY E MINNEAPOLIS, MN 55455"
6,MINNEAPOLIS W-2 P-03,"[{'party': 'REPUBLICAN', 'name': 'Donald J. Trump', 'office': 'U.S. Presidential Nominee'}, {'party': 'DEMOCRATIC-FARMER-LABOR', 'name': 'Deval Patrick', 'office': 'U.S. Presidential Nominee'}, {'party': 'DEMOCRATIC-FARMER-LABOR', 'name': 'Tom Steyer', 'office': 'U.S. Presidential Nominee'}, {'party': 'DEMOCRATIC-FARMER-LABOR', 'name': 'Pete Buttigieg', 'office': 'U.S. Presidential Nominee'}, {'party': 'DEMOCRATIC-FARMER-LABOR', 'name': 'Amy Klobuchar', 'office': 'U.S. Presidential Nominee'}, {'party': 'DEMOCRATIC-FARMER-LABOR', 'name': 'Julián Castro', 'office': 'U.S. Presidential Nominee'}, {'party': 'DEMOCRATIC-FARMER-LABOR', 'name': 'John K. Delaney', 'office': 'U.S. Presidential Nominee'}, {'party': 'DEMOCRATIC-FARMER-LABOR', 'name': 'Marianne Williamson', 'office': 'U.S. Presidential Nominee'}, {'party': 'DEMOCRATIC-FARMER-LABOR', 'name': 'Bernie Sanders', 'office': 'U.S. Presidential Nominee'}, {'party': 'DEMOCRATIC-FARMER-LABOR', 'name': 'Andrew Yang', 'office': 'U.S. Presidential Nominee'}, {'party': 'DEMOCRATIC-FARMER-LABOR', 'name': 'Elizabeth Warren', 'office': 'U.S. Presidential Nominee'}, {'party': 'DEMOCRATIC-FARMER-LABOR', 'name': 'Tulsi Gabbard', 'office': 'U.S. Presidential Nominee'}, {'party': 'DEMOCRATIC-FARMER-LABOR', 'name': 'Michael R. Bloomberg', 'office': 'U.S. Presidential Nominee'}, {'party': 'DEMOCRATIC-FARMER-LABOR', 'name': 'Joseph Biden', 'office': 'U.S. Presidential Nominee'}, {'party': 'DEMOCRATIC-FARMER-LABOR', 'name': 'Uncommitted', 'office': 'U.S. Presidential Nominee'}, {'party': 'DEMOCRATIC-FARMER-LABOR', 'name': 'Cory Booker', 'office': 'U.S. Presidential Nominee'}, {'party': 'DEMOCRATIC-FARMER-LABOR', 'name': 'Michael Bennet', 'office': 'U.S. Presidential Nominee'}]",VAN CLEVE PARK (2-3),"901 15TH AVE SE MINNEAPOLIS, MN 55414"
7,MINNEAPOLIS W-1 P-07,"[{'party': 'REPUBLICAN', 'name': 'Donald J. Trump', 'office': 'U.S. Presidential Nominee'}, {'party': 'DEMOCRATIC-FARMER-LABOR', 'name': 'Deval Patrick', 'office': 'U.S. Presidential Nominee'}, {'party': 'DEMOCRATIC-FARMER-LABOR', 'name': 'Tom Steyer', 'office': 'U.S. Presidential Nominee'}, {'party': 'DEMOCRATIC-FARMER-LABOR', 'name': 'Pete Buttigieg', 'office': 'U.S. Presidential Nominee'}, {'party': 'DEMOCRATIC-FARMER-LABOR', 'name': 'Amy Klobuchar', 'office': 'U.S. Presidential Nominee'}, {'party': 'DEMOCRATIC-FARMER-LABOR', 'name': 'Julián Castro', 'office': 'U.S. Presidential Nominee'}, {'party': 'DEMOCRATIC-FARMER-LABOR', 'name': 'John K. Delaney', 'office': 'U.S. Presidential Nominee'}, {'party': 'DEMOCRATIC-FARMER-LABOR', 'name': 'Marianne Williamson', 'office': 'U.S. Presidential Nominee'}, {'party': 'DEMOCRATIC-FARMER-LABOR', 'name': 'Bernie Sanders', 'office': 'U.S. Presidential Nominee'}, {'party': 'DEMOCRATIC-FARMER-LABOR', 'name': 'Andrew Yang', 'office': 'U.S. Presidential Nominee'}, {'party': 'DEMOCRATIC-FARMER-LABOR', 'name': 'Elizabeth Warren', 'office': 'U.S. Presidential Nominee'}, {'party': 'DEMOCRATIC-FARMER-LABOR', 'name': 'Tulsi Gabbard', 'office': 'U.S. Presidential Nominee'}, {'party': 'DEMOCRATIC-FARMER-LABOR', 'name': 'Michael R. Bloomberg', 'office': 'U.S. Presidential Nominee'}, {'party': 'DEMOCRATIC-FARMER-LABOR', 'name': 'Joseph Biden', 'office': 'U.S. Presidential Nominee'}, {'party': 'DEMOCRATIC-FARMER-LABOR', 'name': 'Uncommitted', 'office': 'U.S. Presidential Nominee'}, {'party': 'DEMOCRATIC-FARMER-LABOR', 'name': 'Cory Booker', 'office': 'U.S. Presidential Nominee'}, {'party': 'DEMOCRATIC-FARMER-LABOR', 'name': 'Michael Bennet', 'office': 'U.S. Presidential Nominee'}]",VAN CLEVE PARK (1-7),"901 15TH AVE SE MINNEAPOLIS, MN 55414"
8,MINNEAPOLIS W-2 P-06,"[{'party': 'REPUBLICAN', 'name': 'Donald J. Trump', 'office': 'U.S. Presidential Nominee'}, {'party': 'DEMOCRATIC-FARMER-LABOR', 'name': 'Deval Patrick', 'office': 'U.S. Presidential Nominee'}, {'party': 'DEMOCRATIC-FARMER-LABOR', 'name': 'Tom Steyer', 'office': 'U.S. Presidential Nominee'}, {'party': 'DEMOCRATIC-FARMER-LABOR', 'name': 'Pete Buttigieg', 'office': 'U.S. Presidential Nominee'}, {'party': 'DEMOCRATIC-FARMER-LABOR', 'name': 'Amy Klobuchar', 'office': 'U.S. Presidential Nominee'}, {'party': 'DEMOCRATIC-FARMER-LABOR', 'name': 'Julián Castro', 'office': 'U.S. Presidential Nominee'}, {'party': 'DEMOCRATIC-FARMER-LABOR', 'name': 'John K. Delaney', 'office': 'U.S. Presidential Nominee'}, {'party': 'DEMOCRATIC-FARMER-LABOR', 'name': 'Marianne Williamson', 'office': 'U.S. Presidential Nominee'}, {'party': 'DEMOCRATIC-FARMER-LABOR', 'name': 'Bernie Sanders', 'office': 'U.S. Presidential Nominee'}, {'party': 'DEMOCRATIC-FARMER-LABOR', 'name': 'Andrew Yang', 'office': 'U.S. Presidential Nominee'}, {'party': 'DEMOCRATIC-FARMER-LABOR', 'name': 'Elizabeth Warren', 'office': 'U.S. Presidential Nominee'}, {'party': 'DEMOCRATIC-FARMER-LABOR', 'name': 'Tulsi Gabbard', 'office': 'U.S. Presidential Nominee'}, {'party': 'DEMOCRATIC-FARMER-LABOR', 'name': 'Michael R. Bloomberg', 'office': 'U.S. Presidential Nominee'}, {'party': 'DEMOCRATIC-FARMER-LABOR', 'name': 'Joseph Biden', 'office': 'U.S. Presidential Nominee'}, {'party': 'DEMOCRATIC-FARMER-LABOR', 'name': 'Uncommitted', 'office': 'U.S. Presidential Nominee'}, {'party': 'DEMOCRATIC-FARMER-LABOR', 'name': 'Cory Booker', 'office': 'U.S. Presidential Nominee'}, {'party': 'DEMOCRATIC-FARMER-LABOR', 'name': 'Michael Bennet', 'office': 'U.S. Presidential Nominee'}]",ST FRANCES CABRINI CHURCH,"1500 FRANKLIN AVE SE MINNEAPOLIS, MN 55414"
9,MINNEAPOLIS W-2 P-10,"[{'party': 'REPUBLICAN', 'name': 'Donald J. Trump', 'office': 'U.S. Presidential Nominee'}, {'party': 'DEMOCRATIC-FARMER-LABOR', 'name': 'Deval Patrick', 'office': 'U.S. Presidential Nominee'}, {'party': 'DEMOCRATIC-FARMER-LABOR', 'name': 'Tom Steyer', 'office': 'U.S. Presidential Nominee'}, {'party': 'DEMOCRATIC-FARMER-LABOR', 'name': 'Pete Buttigieg', 'office': 'U.S. Presidential Nominee'}, {'party': 'DEMOCRATIC-FARMER-LABOR', 'name': 'Amy Klobuchar', 'office': 'U.S. Presidential Nominee'}, {'party': 'DEMOCRATIC-FARMER-LABOR', 'name': 'Julián Castro', 'office': 'U.S. Presidential Nominee'}, {'party': 'DEMOCRATIC-FARMER-LABOR', 'name': 'John K. Delaney', 'office': 'U.S. Presidential Nominee'}, {'party': 'DEMOCRATIC-FARMER-LABOR', 'name': 'Marianne Williamson', 'office': 'U.S. Presidential Nominee'}, {'party': 'DEMOCRATIC-FARMER-LABOR', 'name': 'Bernie Sanders', 'office': 'U.S. Presidential Nominee'}, {'party': 'DEMOCRATIC-FARMER-LABOR', 'name': 'Andrew Yang', 'office': 'U.S. Presidential Nominee'}, {'party': 'DEMOCRATIC-FARMER-LABOR', 'name': 'Elizabeth Warren', 'office': 'U.S. Presidential Nominee'}, {'party': 'DEMOCRATIC-FARMER-LABOR', 'name': 'Tulsi Gabbard', 'office': 'U.S. Presidential Nominee'}, {'party': 'DEMOCRATIC-FARMER-LABOR', 'name': 'Michael R. Bloomberg', 'office': 'U.S. Presidential Nominee'}, {'party': 'DEMOCRATIC-FARMER-LABOR', 'name': 'Joseph Biden', 'office': 'U.S. Presidential Nominee'}, {'party': 'DEMOCRATIC-FARMER-LABOR', 'name': 'Uncommitted', 'office': 'U.S. Presidential Nominee'}, {'party': 'DEMOCRATIC-FARMER-LABOR', 'name': 'Cory Booker', 'office': 'U.S. Presidential Nominee'}, {'party': 'DEMOCRATIC-FARMER-LABOR', 'name': 'Michael Bennet', 'office': 'U.S. Presidential Nominee'}]",GRACE UNIVERSITY LUTHERAN CHURCH (MPLS),"324 HARVARD ST SE MINNEAPOLIS, MN 55414"
10,MINNEAPOLIS W-2 P-07,"[{'party': 'REPUBLICAN', 'name': 'Donald J. Trump', 'office': 'U.S. Presidential Nominee'}, {'party': 'DEMOCRATIC-FARMER-LABOR', 'name': 'Deval Patrick', 'office': 'U.S. Presidential Nominee'}, {'party': 'DEMOCRATIC-FARMER-LABOR', 'name': 'Tom Steyer', 'office': 'U.S. Presidential Nominee'}, {'party': 'DEMOCRATIC-FARMER-LABOR', 'name': 'Pete Buttigieg', 'office': 'U.S. Presidential Nominee'}, {'party': 'DEMOCRATIC-FARMER-LABOR', 'name': 'Amy Klobuchar', 'office': 'U.S. Presidential Nominee'}, {'party': 'DEMOCRATIC-FARMER-LABOR', 'name': 'Julián Castro', 'office': 'U.S. Presidential Nominee'}, {'party': 'DEMOCRATIC-FARMER-LABOR', 'name': 'John K. Delaney', 'office': 'U.S. Presidential Nominee'}, {'party': 'DEMOCRATIC-FARMER-LABOR', 'name': 'Marianne Williamson', 'office': 'U.S. Presidential Nominee'}, {'party': 'DEMOCRATIC-FARMER-LABOR', 'name': 'Bernie Sanders', 'office': 'U.S. Presidential Nominee'}, {'party': 'DEMOCRATIC-FARMER-LABOR', 'name': 'Andrew Yang', 'office': 'U.S. Presidential Nominee'}, {'party': 'DEMOCRATIC-FARMER-LABOR', 'name': 'Elizabeth Warren', 'office': 'U.S. Presidential Nominee'}, {'party': 'DEMOCRATIC-FARMER-LABOR', 'name': 'Tulsi Gabbard', 'office': 'U.S. Presidential Nominee'}, {'party': 'DEMOCRATIC-FARMER-LABOR', 'name': 'Michael R. Bloomberg', 'office': 'U.S. Presidential Nominee'}, {'party': 'DEMOCRATIC-FARMER-LABOR', 'name': 'Joseph Biden', 'office': 'U.S. Presidential Nominee'}, {'party': 'DEMOCRATIC-FARMER-LABOR', 'name': 'Uncommitted', 'office': 'U.S. Presidential Nominee'}, {'party': 'DEMOCRATIC-FARMER-LABOR', 'name': 'Cory Booker', 'office': 'U.S. Presidential Nominee'}, {'party': 'DEMOCRATIC-FARMER-LABOR', 'name': 'Michael Bennet', 'office': 'U.S. Presidential Nominee'}]",AUGSBURG UNIVERSITY CHRISTENSEN CTR,"720 22ND AVE S MINNEAPOLIS, MN 55454"
11,MINNEAPOLIS W-6 P-03,"[{'party': 'REPUBLICAN', 'name': 'Donald J. Trump', 'office': 'U.S. Presidential Nominee'}, {'party': 'DEMOCRATIC-FARMER-LABOR', 'name': 'Deval Patrick', 'office': 'U.S. Presidential Nominee'}, {'party': 'DEMOCRATIC-FARMER-LABOR', 'name': 'Tom Steyer', 'office': 'U.S. Presidential Nominee'}, {'party': 'DEMOCRATIC-FARMER-LABOR', 'name': 'Pete Buttigieg', 'office': 'U.S. Presidential Nominee'}, {'party': 'DEMOCRATIC-FARMER-LABOR', 'name': 'Amy Klobuchar', 'office': 'U.S. Presidential Nominee'}, {'party': 'DEMOCRATIC-FARMER-LABOR', 'name': 'Julián Castro', 'office': 'U.S. Presidential Nominee'}, {'party': 'DEMOCRATIC-FARMER-LABOR', 'name': 'John K. Delaney', 'office': 'U.S. Presidential Nominee'}, {'party': 'DEMOCRATIC-FARMER-LABOR', 'name': 'Marianne Williamson', 'office': 'U.S. Presidential Nominee'}, {'party': 'DEMOCRATIC-FARMER-LABOR', 'name': 'Bernie Sanders', 'office': 'U.S. Presidential Nominee'}, {'party': 'DEMOCRATIC-FARMER-LABOR', 'name': 'Andrew Yang', 'office': 'U.S. Presidential Nominee'}, {'party': 'DEMOCRATIC-FARMER-LABOR', 'name': 'Elizabeth Warren', 'office': 'U.S. Presidential Nominee'}, {'party': 'DEMOCRATIC-FARMER-LABOR', 'name': 'Tulsi Gabbard', 'office': 'U.S. Presidential Nominee'}, {'party': 'DEMOCRATIC-FARMER-LABOR', 'name': 'Michael R. Bloomberg', 'office': 'U.S. Presidential Nominee'}, {'party': 'DEMOCRATIC-FARMER-LABOR', 'name': 'Joseph Biden', 'office': 'U.S. Presidential Nominee'}, {'party': 'DEMOCRATIC-FARMER-LABOR', 'name': 'Uncommitted', 'office': 'U.S. Presidential Nominee'}, {'party': 'DEMOCRATIC-FARMER-LABOR', 'name': 'Cory Booker', 'office': 'U.S. Presidential Nominee'}, {'party': 'DEMOCRATIC-FARMER-LABOR', 'name': 'Michael Bennet', 'office': 'U.S. Presidential Nominee'}]",COYLE COMMUNITY CENTER,"420 15TH AVE S MINNEAPOLIS, MN 55454"
12,MINNEAPOLIS W-2 P-09,"[{'party': 'REPUBLICAN', 'name': 'Donald J. Trump', 'office': 'U.S. Presidential Nominee'}, {'party': 'DEMOCRATIC-FARMER-LABOR', 'name': 'Deval Patrick', 'office': 'U.S. Presidential Nominee'}, {'party': 'DEMOCRATIC-FARMER-LABOR', 'name': 'Tom Steyer', 'office': 'U.S. Presidential Nominee'}, {'party': 'DEMOCRATIC-FARMER-LABOR', 'name': 'Pete Buttigieg', 'office': 'U.S. Presidential Nominee'}, {'party': 'DEMOCRATIC-FARMER-LABOR', 'name': 'Amy Klobuchar', 'office': 'U.S. Presidential Nominee'}, {'party': 'DEMOCRATIC-FARMER-LABOR', 'name': 'Julián Castro', 'office': 'U.S. Presidential Nominee'}, {'party': 'DEMOCRATIC-FARMER-LABOR', 'name': 'John K. Delaney', 'office': 'U.S. Presidential Nominee'}, {'party': 'DEMOCRATIC-FARMER-LABOR', 'name': 'Marianne Williamson', 'office': 'U.S. Presidential Nominee'}, {'party': 'DEMOCRATIC-FARMER-LABOR', 'name': 'Bernie Sanders', 'office': 'U.S. Presidential Nominee'}, {'party': 'DEMOCRATIC-FARMER-LABOR', 'name': 'Andrew Yang', 'office': 'U.S. Presidential Nominee'}, {'party': 'DEMOCRATIC-FARMER-LABOR', 'name': 'Elizabeth Warren', 'office': 'U.S. Presidential Nominee'}, {'party': 'DEMOCRATIC-FARMER-LABOR', 'name': 'Tulsi Gabbard', 'office': 'U.S. Presidential Nominee'}, {'party': 'DEMOCRATIC-FARMER-LABOR', 'name': 'Michael R. Bloomberg', 'office': 'U.S. Presidential Nominee'}, {'party': 'DEMOCRATIC-FARMER-LABOR', 'name': 'Joseph Biden', 'office': 'U.S. Presidential Nominee'}, {'party': 'DEMOCRATIC-FARMER-LABOR', 'name': 'Uncommitted', 'office': 'U.S. Presidential Nominee'}, {'party': 'DEMOCRATIC-FARMER-LABOR', 'name': 'Cory Booker', 'office': 'U.S. Presidential Nominee'}, {'party': 'DEMOCRATIC-FARMER-LABOR', 'name': 'Michael Bennet', 'office': 'U.S. Presidential Nominee'}]",MATTHEWS PARK,"2318 29TH AVE S MINNEAPOLIS, MN 55406"
13,ST. PAUL W-4 P-03,"[{'party': 'REPUBLICAN', 'name': 'Donald J. Trump', 'office': 'U.S. Presidential Nominee'}, {'party': 'DEMOCRATIC-FARMER-LABOR', 'name': 'Deval Patrick', 'office': 'U.S. Presidential Nominee'}, {'party': 'DEMOCRATIC-FARMER-LABOR', 'name': 'Tom Steyer', 'office': 'U.S. Presidential Nominee'}, {'party': 'DEMOCRATIC-FARMER-LABOR', 'name': 'Pete Buttigieg', 'office': 'U.S. Presidential Nominee'}, {'party': 'DEMOCRATIC-FARMER-LABOR', 'name': 'Amy Klobuchar', 'office': 'U.S. Presidential Nominee'}, {'party': 'DEMOCRATIC-FARMER-LABOR', 'name': 'Julián Castro', 'office': 'U.S. Presidential Nominee'}, {'party': 'DEMOCRATIC-FARMER-LABOR', 'name': 'John K. Delaney', 'office': 'U.S. Presidential Nominee'}, {'party': 'DEMOCRATIC-FARMER-LABOR', 'name': 'Marianne Williamson', 'office': 'U.S. Presidential Nominee'}, {'party': 'DEMOCRATIC-FARMER-LABOR', 'name': 'Bernie Sanders', 'office': 'U.S. Presidential Nominee'}, {'party': 'DEMOCRATIC-FARMER-LABOR', 'name': 'Andrew Yang', 'office': 'U.S. Presidential Nominee'}, {'party': 'DEMOCRATIC-FARMER-LABOR', 'name': 'Elizabeth Warren', 'office': 'U.S. Presidential Nominee'}, {'party': 'DEMOCRATIC-FARMER-LABOR', 'name': 'Tulsi Gabbard', 'office': 'U.S. Presidential Nominee'}, {'party': 'DEMOCRATIC-FARMER-LABOR', 'name': 'Michael R. Bloomberg', 'office': 'U.S. Presidential Nominee'}, {'party': 'DEMOCRATIC-FARMER-LABOR', 'name': 'Joseph Biden', 'office': 'U.S. Presidential Nominee'}, {'party': 'DEMOCRATIC-FARMER-LABOR', 'name': 'Uncommitted', 'office': 'U.S. Presidential Nominee'}, {'party': 'DEMOCRATIC-FARMER-LABOR', 'name': 'Cory Booker', 'office': 'U.S. Presidential Nominee'}, {'party': 'DEMOCRATIC-FARMER-LABOR', 'name': 'Michael Bennet', 'office': 'U.S. Presidential Nominee'}]",SEAL HIGH RISE (W-4 P-3),"825 SEAL ST ST PAUL, MN 55114"
14,MINNEAPOLIS W-3 P-06,"[{'party': 'REPUBLICAN', 'name': 'Donald J. Trump', 'office': 'U.S. Presidential Nominee'}, {'party': 'DEMOCRATIC-FARMER-LABOR', 'name': 'Deval Patrick', 'office': 'U.S. Presidential Nominee'}, {'party': 'DEMOCRATIC-FARMER-LABOR', 'name': 'Tom Steyer', 'office': 'U.S. Presidential Nominee'}, {'party': 'DEMOCRATIC-FARMER-LABOR', 'name': 'Pete Buttigieg', 'office': 'U.S. Presidential Nominee'}, {'party': 'DEMOCRATIC-FARMER-LABOR', 'name': 'Amy Klobuchar', 'office': 'U.S. Presidential Nominee'}, {'party': 'DEMOCRATIC-FARMER-LABOR', 'name': 'Julián Castro', 'office': 'U.S. Presidential Nominee'}, {'party': 'DEMOCRATIC-FARMER-LABOR', 'name': 'John K. Delaney', 'office': 'U.S. Presidential Nominee'}, {'party': 'DEMOCRATIC-FARMER-LABOR', 'name': 'Marianne Williamson', 'office': 'U.S. Presidential Nominee'}, {'party': 'DEMOCRATIC-FARMER-LABOR', 'name': 'Bernie Sanders', 'office': 'U.S. Presidential Nominee'}, {'party': 'DEMOCRATIC-FARMER-LABOR', 'name': 'Andrew Yang', 'office': 'U.S. Presidential Nominee'}, {'party': 'DEMOCRATIC-FARMER-LABOR', 'name': 'Elizabeth Warren', 'office': 'U.S. Presidential Nominee'}, {'party': 'DEMOCRATIC-FARMER-LABOR', 'name': 'Tulsi Gabbard', 'office': 'U.S. Presidential Nominee'}, {'party': 'DEMOCRATIC-FARMER-LABOR', 'name': 'Michael R. Bloomberg', 'office': 'U.S. Presidential Nominee'}, {'party': 'DEMOCRATIC-FARMER-LABOR', 'name': 'Joseph Biden', 'office': 'U.S. Presidential Nominee'}, {'party': 'DEMOCRATIC-FARMER-LABOR', 'name': 'Uncommitted', 'office': 'U.S. Presidential Nominee'}, {'party': 'DEMOCRATIC-FARMER-LABOR', 'name': 'Cory Booker', 'office': 'U.S. Presidential Nominee'}, {'party': 'DEMOCRATIC-FARMER-LABOR', 'name': 'Michael Bennet', 'office': 'U.S. Presidential Nominee'}]",EAST SIDE NEIGHBORHOOD SERVICES,"1700 2ND ST NE MINNEAPOLIS, MN 55413"
15,MINNEAPOLIS W-3 P-04,"[{'party': 'REPUBLICAN', 'name': 'Donald J. Trump', 'office': 'U.S. Presidential Nominee'}, {'party': 'DEMOCRATIC-FARMER-LABOR', 'name': 'Deval Patrick', 'office': 'U.S. Presidential Nominee'}, {'party': 'DEMOCRATIC-FARMER-LABOR', 'name': 'Tom Steyer', 'office': 'U.S. Presidential Nominee'}, {'party': 'DEMOCRATIC-FARMER-LABOR', 'name': 'Pete Buttigieg', 'office': 'U.S. Presidential Nominee'}, {'party': 'DEMOCRATIC-FARMER-LABOR', 'name': 'Amy Klobuchar', 'office': 'U.S. Presidential Nominee'}, {'party': 'DEMOCRATIC-FARMER-LABOR', 'name': 'Julián Castro', 'office': 'U.S. Presidential Nominee'}, {'party': 'DEMOCRATIC-FARMER-LABOR', 'name': 'John K. Delaney', 'office': 'U.S. Presidential Nominee'}, {'party': 'DEMOCRATIC-FARMER-LABOR', 'name': 'Marianne Williamson', 'office': 'U.S. Presidential Nominee'}, {'party': 'DEMOCRATIC-FARMER-LABOR', 'name': 'Bernie Sanders', 'office': 'U.S. Presidential Nominee'}, {'party': 'DEMOCRATIC-FARMER-LABOR', 'name': 'Andrew Yang', 'office': 'U.S. Presidential Nominee'}, {'party': 'DEMOCRATIC-FARMER-LABOR', 'name': 'Elizabeth Warren', 'office': 'U.S. Presidential Nominee'}, {'party': 'DEMOCRATIC-FARMER-LABOR', 'name': 'Tulsi Gabbard', 'office': 'U.S. Presidential Nominee'}, {'party': 'DEMOCRATIC-FARMER-LABOR', 'name': 'Michael R. Bloomberg', 'office': 'U.S. Presidential Nominee'}, {'party': 'DEMOCRATIC-FARMER-LABOR', 'name': 'Joseph Biden', 'office': 'U.S. Presidential Nominee'}, {'party': 'DEMOCRATIC-FARMER-LABOR', 'name': 'Uncommitted', 'office': 'U.S. Presidential Nominee'}, {'party': 'DEMOCRATIC-FARMER-LABOR', 'name': 'Cory Booker', 'office': 'U.S. Presidential Nominee'}, {'party': 'DEMOCRATIC-FARMER-LABOR', 'name': 'Michael Bennet', 'office': 'U.S. Presidential Nominee'}]",SPRING MANOR HIGHRISE,"828 SPRING ST NE MINNEAPOLIS, MN 55413"
16,MINNEAPOLIS W-3 P-05,"[{'party': 'REPUBLICAN', 'name': 'Donald J. Trump', 'office': 'U.S. Presidential Nominee'}, {'party': 'DEMOCRATIC-FARMER-LABOR', 'name': 'Deval Patrick', 'office': 'U.S. Presidential Nominee'}, {'party': 'DEMOCRATIC-FARMER-LABOR', 'name': 'Tom Steyer', 'office': 'U.S. Presidential Nominee'}, {'party': 'DEMOCRATIC-FARMER-LABOR', 'name': 'Pete Buttigieg', 'office': 'U.S. Presidential Nominee'}, {'party': 'DEMOCRATIC-FARMER-LABOR', 'name': 'Amy Klobuchar', 'office': 'U.S. Presidential Nominee'}, {'party': 'DEMOCRATIC-FARMER-LABOR', 'name': 'Julián Castro', 'office': 'U.S. Presidential Nominee'}, {'party': 'DEMOCRATIC-FARMER-LABOR', 'name': 'John K. Delaney', 'office': 'U.S. Presidential Nominee'}, {'party': 'DEMOCRATIC-FARMER-LABOR', 'name': 'Marianne Williamson', 'office': 'U.S. Presidential Nominee'}, {'party': 'DEMOCRATIC-FARMER-LABOR', 'name': 'Bernie Sanders', 'office': 'U.S. Presidential Nominee'}, {'party': 'DEMOCRATIC-FARMER-LABOR', 'name': 'Andrew Yang', 'office': 'U.S. Presidential Nominee'}, {'party': 'DEMOCRATIC-FARMER-LABOR', 'name': 'Elizabeth Warren', 'office': 'U.S. Presidential Nominee'}, {'party': 'DEMOCRATIC-FARMER-LABOR', 'name': 'Tulsi Gabbard', 'office': 'U.S. Presidential Nominee'}, {'party': 'DEMOCRATIC-FARMER-LABOR', 'name': 'Michael R. Bloomberg', 'office': 'U.S. Presidential Nominee'}, {'party': 'DEMOCRATIC-FARMER-LABOR', 'name': 'Joseph Biden', 'office': 'U.S. Presidential Nominee'}, {'party': 'DEMOCRATIC-FARMER-LABOR', 'name': 'Uncommitted', 'office': 'U.S. Presidential Nominee'}, {'party': 'DEMOCRATIC-FARMER-LABOR', 'name': 'Cory Booker', 'office': 'U.S. Presidential Nominee'}, {'party': 'DEMOCRATIC-FARMER-LABOR', 'name': 'Michael Bennet', 'office': 'U.S. Presidential Nominee'}]",WEBSTER ELEMENTARY SCHOOL,"425 5TH ST NEMINNEAPOLIS, MN 55413"
17,MINNEAPOLIS W-1 P-09,"[{'party': 'REPUBLICAN', 'name': 'Donald J. Trump', 'office': 'U.S. Presidential Nominee'}, {'party': 'DEMOCRATIC-FARMER-LABOR', 'name': 'Deval Patrick', 'office': 'U.S. Presidential Nominee'}, {'party': 'DEMOCRATIC-FARMER-LABOR', 'name': 'Tom Steyer', 'office': 'U.S. Presidential Nominee'}, {'party': 'DEMOCRATIC-FARMER-LABOR', 'name': 'Pete Buttigieg', 'office': 'U.S. Presidential Nominee'}, {'party': 'DEMOCRATIC-FARMER-LABOR', 'name': 'Amy Klobuchar', 'office': 'U.S. Presidential Nominee'}, {'party': 'DEMOCRATIC-FARMER-LABOR', 'name': 'Julián Castro', 'office': 'U.S. Presidential Nominee'}, {'party': 'DEMOCRATIC-FARMER-LABOR', 'name': 'John K. Delaney', 'office': 'U.S. Presidential Nominee'}, {'party': 'DEMOCRATIC-FARMER-LABOR', 'name': 'Marianne Williamson', 'office': 'U.S. Presidential Nominee'}, {'party': 'DEMOCRATIC-FARMER-LABOR', 'name': 'Bernie Sanders', 'office': 'U.S. Presidential Nominee'}, {'party': 'DEMOCRATIC-FARMER-LABOR', 'name': 'Andrew Yang', 'office': 'U.S. Presidential Nominee'}, {'party': 'DEMOCRATIC-FARMER-LABOR', 'name': 'Elizabeth Warren', 'office': 'U.S. Presidential Nominee'}, {'party': 'DEMOCRATIC-FARMER-LABOR', 'name': 'Tulsi Gabbard', 'office': 'U.S. Presidential Nominee'}, {'party': 'DEMOCRATIC-FARMER-LABOR', 'name': 'Michael R. Bloomberg', 'office': 'U.S. Presidential Nominee'}, {'party': 'DEMOCRATIC-FARMER-LABOR', 'name': 'Joseph Biden', 'office': 'U.S. Presidential Nominee'}, {'party': 'DEMOCRATIC-FARMER-LABOR', 'name': 'Uncommitted', 'office': 'U.S. Presidential Nominee'}, {'party': 'DEMOCRATIC-FARMER-LABOR', 'name': 'Cory Booker', 'office': 'U.S. Presidential Nominee'}, {'party': 'DEMOCRATIC-FARMER-LABOR', 'name': 'Michael Bennet', 'office': 'U.S. Presidential Nominee'}]",EDISON HIGH SCHOOL GYM,"2030 MONROE ST NE MINNEAPOLIS, MN 55418"
18,MINNEAPOLIS W-1 P-08,"[{'party': 'REPUBLICAN', 'name': 'Donald J. Trump', 'office': 'U.S. Presidential Nominee'}, {'party': 'DEMOCRATIC-FARMER-LABOR', 'name': 'Deval Patrick', 'office': 'U.S. Presidential Nominee'}, {'party': 'DEMOCRATIC-FARMER-LABOR', 'name': 'Tom Steyer', 'office': 'U.S. Presidential Nominee'}, {'party': 'DEMOCRATIC-FARMER-LABOR', 'name': 'Pete Buttigieg', 'office': 'U.S. Presidential Nominee'}, {'party': 'DEMOCRATIC-FARMER-LABOR', 'name': 'Amy Klobuchar', 'office': 'U.S. Presidential Nominee'}, {'party': 'DEMOCRATIC-FARMER-LABOR', 'name': 'Julián Castro', 'office': 'U.S. Presidential Nominee'}, {'party': 'DEMOCRATIC-FARMER-LABOR', 'name': 'John K. Delaney', 'office': 'U.S. Presidential Nominee'}, {'party': 'DEMOCRATIC-FARMER-LABOR', 'name': 'Marianne Williamson', 'office': 'U.S. Presidential Nominee'}, {'party': 'DEMOCRATIC-FARMER-LABOR', 'name': 'Bernie Sanders', 'office': 'U.S. Presidential Nominee'}, {'party': 'DEMOCRATIC-FARMER-LABOR', 'name': 'Andrew Yang', 'office': 'U.S. Presidential Nominee'}, {'party': 'DEMOCRATIC-FARMER-LABOR', 'name': 'Elizabeth Warren', 'office': 'U.S. Presidential Nominee'}, {'party': 'DEMOCRATIC-FARMER-LABOR', 'name': 'Tulsi Gabbard', 'office': 'U.S. Presidential Nominee'}, {'party': 'DEMOCRATIC-FARMER-LABOR', 'name': 'Michael R. Bloomberg', 'office': 'U.S. Presidential Nominee'}, {'party': 'DEMOCRATIC-FARMER-LABOR', 'name': 'Joseph Biden', 'office': 'U.S. Presidential Nominee'}, {'party': 'DEMOCRATIC-FARMER-LABOR', 'name': 'Uncommitted', 'office': 'U.S. Presidential Nominee'}, {'party': 'DEMOCRATIC-FARMER-LABOR', 'name': 'Cory Booker', 'office': 'U.S. Presidential Nominee'}, {'party': 'DEMOCRATIC-FARMER-LABOR', 'name': 'Michael Bennet', 'office': 'U.S. Presidential Nominee'}]",HOLLAND HIGHRISE,"1717 WASHINGTON ST NE MINNEAPOLIS, MN 55413"
19,MINNEAPOLIS W-3 P-10,"[{'party': 'REPUBLICAN', 'name': 'Donald J. Trump', 'office': 'U.S. Presidential Nominee'}, {'party': 'DEMOCRATIC-FARMER-LABOR', 'name': 'Deval Patrick', 'office': 'U.S. Presidential Nominee'}, {'party': 'DEMOCRATIC-FARMER-LABOR', 'name': 'Tom Steyer', 'office': 'U.S. Presidential Nominee'}, {'party': 'DEMOCRATIC-FARMER-LABOR', 'name': 'Pete Buttigieg', 'office': 'U.S. Presidential Nominee'}, {'party': 'DEMOCRATIC-FARMER-LABOR', 'name': 'Amy Klobuchar', 'office': 'U.S. Presidential Nominee'}, {'party': 'DEMOCRATIC-FARMER-LABOR', 'name': 'Julián Castro', 'office': 'U.S. Presidential Nominee'}, {'party': 'DEMOCRATIC-FARMER-LABOR', 'name': 'John K. Delaney', 'office': 'U.S. Presidential Nominee'}, {'party': 'DEMOCRATIC-FARMER-LABOR', 'name': 'Marianne Williamson', 'office': 'U.S. Presidential Nominee'}, {'party': 'DEMOCRATIC-FARMER-LABOR', 'name': 'Bernie Sanders', 'office': 'U.S. Presidential Nominee'}, {'party': 'DEMOCRATIC-FARMER-LABOR', 'name': 'Andrew Yang', 'office': 'U.S. Presidential Nominee'}, {'party': 'DEMOCRATIC-FARMER-LABOR', 'name': 'Elizabeth Warren', 'office': 'U.S. Presidential Nominee'}, {'party': 'DEMOCRATIC-FARMER-LABOR', 'name': 'Tulsi Gabbard', 'office': 'U.S. Presidential Nominee'}, {'party': 'DEMOCRATIC-FARMER-LABOR', 'name': 'Michael R. Bloomberg', 'office': 'U.S. Presidential Nominee'}, {'party': 'DEMOCRATIC-FARMER-LABOR', 'name': 'Joseph Biden', 'office': 'U.S. Presidential Nominee'}, {'party': 'DEMOCRATIC-FARMER-LABOR', 'name': 'Uncommitted', 'office': 'U.S. Presidential Nominee'}, {'party': 'DEMOCRATIC-FARMER-LABOR', 'name': 'Cory Booker', 'office': 'U.S. Presidential Nominee'}, {'party': 'DEMOCRATIC-FARMER-LABOR', 'name': 'Michael Bennet', 'office': 'U.S. Presidential Nominee'}]",NATIONAL GUARD ARMORY,"1025 BROADWAY ST NE MINNEAPOLIS, MN 55413"
20,MINNEAPOLIS W-1 P-06,"[{'party': 'REPUBLICAN', 'name': 'Donald J. Trump', 'office': 'U.S. Presidential Nominee'}, {'party': 'DEMOCRATIC-FARMER-LABOR', 'name': 'Deval Patrick', 'office': 'U.S. Presidential Nominee'}, {'party': 'DEMOCRATIC-FARMER-LABOR', 'name': 'Tom Steyer', 'office': 'U.S. Presidential Nominee'}, {'party': 'DEMOCRATIC-FARMER-LABOR', 'name': 'Pete Buttigieg', 'office': 'U.S. Presidential Nominee'}, {'party': 'DEMOCRATIC-FARMER-LABOR', 'name': 'Amy Klobuchar', 'office': 'U.S. Presidential Nominee'}, {'party': 'DEMOCRATIC-FARMER-LABOR', 'name': 'Julián Castro', 'office': 'U.S. Presidential Nominee'}, {'party': 'DEMOCRATIC-FARMER-LABOR', 'name': 'John K. Delaney', 'office': 'U.S. Presidential Nominee'}, {'party': 'DEMOCRATIC-FARMER-LABOR', 'name': 'Marianne Williamson', 'office': 'U.S. Presidential Nominee'}, {'party': 'DEMOCRATIC-FARMER-LABOR', 'name': 'Bernie Sanders', 'office': 'U.S. Presidential Nominee'}, {'party': 'DEMOCRATIC-FARMER-LABOR', 'name': 'Andrew Yang', 'office': 'U.S. Presidential Nominee'}, {'party': 'DEMOCRATIC-FARMER-LABOR', 'name': 'Elizabeth Warren', 'office': 'U.S. Presidential Nominee'}, {'party': 'DEMOCRATIC-FARMER-LABOR', 'name': 'Tulsi Gabbard', 'office': 'U.S. Presidential Nominee'}, {'party': 'DEMOCRATIC-FARMER-LABOR', 'name': 'Michael R. Bloomberg', 'office': 'U.S. Presidential Nominee'}, {'party': 'DEMOCRATIC-FARMER-LABOR', 'name': 'Joseph Biden', 'office': 'U.S. Presidential Nominee'}, {'party': 'DEMOCRATIC-FARMER-LABOR', 'name': 'Uncommitted', 'office': 'U.S. Presidential Nominee'}, {'party': 'DEMOCRATIC-FARMER-LABOR', 'name': 'Cory Booker', 'office': 'U.S. Presidential Nominee'}, {'party': 'DEMOCRATIC-FARMER-LABOR', 'name': 'Michael Bennet', 'office': 'U.S. Presidential Nominee'}]",PARKER SKYVIEW HIGHRISE,"1815 CENTRAL AVE NEMINNEAPOLIS, MN 55418"
21,MINNEAPOLIS W-3 P-12,"[{'party': 'REPUBLICAN', 'name': 'Donald J. Trump', 'office': 'U.S. Presidential Nominee'}, {'party': 'DEMOCRATIC-FARMER-LABOR', 'name': 'Deval Patrick', 'office': 'U.S. Presidential Nominee'}, {'party': 'DEMOCRATIC-FARMER-LABOR', 'name': 'Tom Steyer', 'office': 'U.S. Presidential Nominee'}, {'party': 'DEMOCRATIC-FARMER-LABOR', 'name': 'Pete Buttigieg', 'office': 'U.S. Presidential Nominee'}, {'party': 'DEMOCRATIC-FARMER-LABOR', 'name': 'Amy Klobuchar', 'office': 'U.S. Presidential Nominee'}, {'party': 'DEMOCRATIC-FARMER-LABOR', 'name': 'Julián Castro', 'office': 'U.S. Presidential Nominee'}, {'party': 'DEMOCRATIC-FARMER-LABOR', 'name': 'John K. Delaney', 'office': 'U.S. Presidential Nominee'}, {'party': 'DEMOCRATIC-FARMER-LABOR', 'name': 'Marianne Williamson', 'office': 'U.S. Presidential Nominee'}, {'party': 'DEMOCRATIC-FARMER-LABOR', 'name': 'Bernie Sanders', 'office': 'U.S. Presidential Nominee'}, {'party': 'DEMOCRATIC-FARMER-LABOR', 'name': 'Andrew Yang', 'office': 'U.S. Presidential Nominee'}, {'party': 'DEMOCRATIC-FARMER-LABOR', 'name': 'Elizabeth Warren', 'office': 'U.S. Presidential Nominee'}, {'party': 'DEMOCRATIC-FARMER-LABOR', 'name': 'Tulsi Gabbard', 'office': 'U.S. Presidential Nominee'}, {'party': 'DEMOCRATIC-FARMER-LABOR', 'name': 'Michael R. Bloomberg', 'office': 'U.S. Presidential Nominee'}, {'party': 'DEMOCRATIC-FARMER-LABOR', 'name': 'Joseph Biden', 'office': 'U.S. Presidential Nominee'}, {'party': 'DEMOCRATIC-FARMER-LABOR', 'name': 'Uncommitted', 'office': 'U.S. Presidential Nominee'}, {'party': 'DEMOCRATIC-FARMER-LABOR', 'name': 'Cory Booker', 'office': 'U.S. Presidential Nominee'}, {'party': 'DEMOCRATIC-FARMER-LABOR', 'name': 'Michael Bennet', 'office': 'U.S. Presidential Nominee'}]",MINNEAPOLIS CENTRAL LIBRARY,"300 NICOLLET MALL MINNEAPOLIS, MN 55401"
22,MINNEAPOLIS W-3 P-07,"[{'party': 'REPUBLICAN', 'name': 'Donald J. Trump', 'office': 'U.S. Presidential Nominee'}, {'party': 'DEMOCRATIC-FARMER-LABOR', 'name': 'Deval Patrick', 'office': 'U.S. Presidential Nominee'}, {'party': 'DEMOCRATIC-FARMER-LABOR', 'name': 'Tom Steyer', 'office': 'U.S. Presidential Nominee'}, {'party': 'DEMOCRATIC-FARMER-LABOR', 'name': 'Pete Buttigieg', 'office': 'U.S. Presidential Nominee'}, {'party': 'DEMOCRATIC-FARMER-LABOR', 'name': 'Amy Klobuchar', 'office': 'U.S. Presidential Nominee'}, {'party': 'DEMOCRATIC-FARMER-LABOR', 'name': 'Julián Castro', 'office': 'U.S. Presidential Nominee'}, {'party': 'DEMOCRATIC-FARMER-LABOR', 'name': 'John K. Delaney', 'office': 'U.S. Presidential Nominee'}, {'party': 'DEMOCRATIC-FARMER-LABOR', 'name': 'Marianne Williamson', 'office': 'U.S. Presidential Nominee'}, {'party': 'DEMOCRATIC-FARMER-LABOR', 'name': 'Bernie Sanders', 'office': 'U.S. Presidential Nominee'}, {'party': 'DEMOCRATIC-FARMER-LABOR', 'name': 'Andrew Yang', 'office': 'U.S. Presidential Nominee'}, {'party': 'DEMOCRATIC-FARMER-LABOR', 'name': 'Elizabeth Warren', 'office': 'U.S. Presidential Nominee'}, {'party': 'DEMOCRATIC-FARMER-LABOR', 'name': 'Tulsi Gabbard', 'office': 'U.S. Presidential Nominee'}, {'party': 'DEMOCRATIC-FARMER-LABOR', 'name': 'Michael R. Bloomberg', 'office': 'U.S. Presidential Nominee'}, {'party': 'DEMOCRATIC-FARMER-LABOR', 'name': 'Joseph Biden', 'office': 'U.S. Presidential Nominee'}, {'party': 'DEMOCRATIC-FARMER-LABOR', 'name': 'Uncommitted', 'office': 'U.S. Presidential Nominee'}, {'party': 'DEMOCRATIC-FARMER-LABOR', 'name': 'Cory Booker', 'office': 'U.S. Presidential Nominee'}, {'party': 'DEMOCRATIC-FARMER-LABOR', 'name': 'Michael Bennet', 'office': 'U.S. Presidential Nominee'}]",SOLTVA APARTMENTS,"701 2ND ST N MINNEAPOLIS, MN 55401"
23,MINNEAPOLIS W-3 P-09,"[{'party': 'REPUBLICAN', 'name': 'Donald J. Trump', 'office': 'U.S. Presidential Nominee'}, {'party': 'DEMOCRATIC-FARMER-LABOR', 'name': 'Deval Patrick', 'office': 'U.S. Presidential Nominee'}, {'party': 'DEMOCRATIC-FARMER-LABOR', 'name': 'Tom Steyer', 'office': 'U.S. Presidential Nominee'}, {'party': 'DEMOCRATIC-FARMER-LABOR', 'name': 'Pete Buttigieg', 'office': 'U.S. Presidential Nominee'}, {'party': 'DEMOCRATIC-FARMER-LABOR', 'name': 'Amy Klobuchar', 'office': 'U.S. Presidential Nominee'}, {'party': 'DEMOCRATIC-FARMER-LABOR', 'name': 'Julián Castro', 'office': 'U.S. Presidential Nominee'}, {'party': 'DEMOCRATIC-FARMER-LABOR', 'name': 'John K. Delaney', 'office': 'U.S. Presidential Nominee'}, {'party': 'DEMOCRATIC-FARMER-LABOR', 'name': 'Marianne Williamson', 'office': 'U.S. Presidential Nominee'}, {'party': 'DEMOCRATIC-FARMER-LABOR', 'name': 'Bernie Sanders', 'office': 'U.S. Presidential Nominee'}, {'party': 'DEMOCRATIC-FARMER-LABOR', 'name': 'Andrew Yang', 'office': 'U.S. Presidential Nominee'}, {'party': 'DEMOCRATIC-FARMER-LABOR', 'name': 'Elizabeth Warren', 'office': 'U.S. Presidential Nominee'}, {'party': 'DEMOCRATIC-FARMER-LABOR', 'name': 'Tulsi Gabbard', 'office': 'U.S. Presidential Nominee'}, {'party': 'DEMOCRATIC-FARMER-LABOR', 'name': 'Michael R. Bloomberg', 'office': 'U.S. Presidential Nominee'}, {'party': 'DEMOCRATIC-FARMER-LABOR', 'name': 'Joseph Biden', 'office': 'U.S. Presidential Nominee'}, {'party': 'DEMOCRATIC-FARMER-LABOR', 'name': 'Uncommitted', 'office': 'U.S. Presidential Nominee'}, {'party': 'DEMOCRATIC-FARMER-LABOR', 'name': 'Cory Booker', 'office': 'U.S. Presidential Nominee'}, {'party': 'DEMOCRATIC-FARMER-LABOR', 'name': 'Michael Bennet', 'office': 'U.S. Presidential Nominee'}]",OPEN BOOK,"1011 WASHINGTON AVE S MINNEAPOLIS, MN 55415"
24,MINNEAPOLIS W-3 P-08,"[{'party': 'REPUBLICAN', 'name': 'Donald J. Trump', 'office': 'U.S. Presidential Nominee'}, {'party': 'DEMOCRATIC-FARMER-LABOR', 'name': 'Deval Patrick', 'office': 'U.S. Presidential Nominee'}, {'party': 'DEMOCRATIC-FARMER-LABOR', 'name': 'Tom Steyer', 'office': 'U.S. Presidential Nominee'}, {'party': 'DEMOCRATIC-FARMER-LABOR', 'name': 'Pete Buttigieg', 'office': 'U.S. Presidential Nominee'}, {'party': 'DEMOCRATIC-FARMER-LABOR', 'name': 'Amy Klobuchar', 'office': 'U.S. Presidential Nominee'}, {'party': 'DEMOCRATIC-FARMER-LABOR', 'name': 'Julián Castro', 'office': 'U.S. Presidential Nominee'}, {'party': 'DEMOCRATIC-FARMER-LABOR', 'name': 'John K. Delaney', 'office': 'U.S. Presidential Nominee'}, {'party': 'DEMOCRATIC-FARMER-LABOR', 'name': 'Marianne Williamson', 'office': 'U.S. Presidential Nominee'}, {'party': 'DEMOCRATIC-FARMER-LABOR', 'name': 'Bernie Sanders', 'office': 'U.S. Presidential Nominee'}, {'party': 'DEMOCRATIC-FARMER-LABOR', 'name': 'Andrew Yang', 'office': 'U.S. Presidential Nominee'}, {'party': 'DEMOCRATIC-FARMER-LABOR', 'name': 'Elizabeth Warren', 'office': 'U.S. Presidential Nominee'}, {'party': 'DEMOCRATIC-FARMER-LABOR', 'name': 'Tulsi Gabbard', 'office': 'U.S. Presidential Nominee'}, {'party': 'DEMOCRATIC-FARMER-LABOR', 'name': 'Michael R. Bloomberg', 'office': 'U.S. Presidential Nominee'}, {'party': 'DEMOCRATIC-FARMER-LABOR', 'name': 'Joseph Biden', 'office': 'U.S. Presidential Nominee'}, {'party': 'DEMOCRATIC-FARMER-LABOR', 'name': 'Uncommitted', 'office': 'U.S. Presidential Nominee'}, {'party': 'DEMOCRATIC-FARMER-LABOR', 'name': 'Cory Booker', 'office': 'U.S. Presidential Nominee'}, {'party': 'DEMOCRATIC-FARMER-LABOR', 'name': 'Michael Bennet', 'office': 'U.S. Presidential Nominee'}]",RIVER TOWERS CONDOMINIUMS,"15 1ST ST S MINNEAPOLIS, MN 55401"
25,MINNEAPOLIS W-3 P-11,"[{'party': 'REPUBLICAN', 'name': 'Donald J. Trump', 'office': 'U.S. Presidential Nominee'}, {'party': 'DEMOCRATIC-FARMER-LABOR', 'name': 'Deval Patrick', 'office': 'U.S. Presidential Nominee'}, {'party': 'DEMOCRATIC-FARMER-LABOR', 'name': 'Tom Steyer', 'office': 'U.S. Presidential Nominee'}, {'party': 'DEMOCRATIC-FARMER-LABOR', 'name': 'Pete Buttigieg', 'office': 'U.S. Presidential Nominee'}, {'party': 'DEMOCRATIC-FARMER-LABOR', 'name': 'Amy Klobuchar', 'office': 'U.S. Presidential Nominee'}, {'party': 'DEMOCRATIC-FARMER-LABOR', 'name': 'Julián Castro', 'office': 'U.S. Presidential Nominee'}, {'party': 'DEMOCRATIC-FARMER-LABOR', 'name': 'John K. Delaney', 'office': 'U.S. Presidential Nominee'}, {'party': 'DEMOCRATIC-FARMER-LABOR', 'name': 'Marianne Williamson', 'office': 'U.S. Presidential Nominee'}, {'party': 'DEMOCRATIC-FARMER-LABOR', 'name': 'Bernie Sanders', 'office': 'U.S. Presidential Nominee'}, {'party': 'DEMOCRATIC-FARMER-LABOR', 'name': 'Andrew Yang', 'office': 'U.S. Presidential Nominee'}, {'party': 'DEMOCRATIC-FARMER-LABOR', 'name': 'Elizabeth Warren', 'office': 'U.S. Presidential Nominee'}, {'party': 'DEMOCRATIC-FARMER-LABOR', 'name': 'Tulsi Gabbard', 'office': 'U.S. Presidential Nominee'}, {'party': 'DEMOCRATIC-FARMER-LABOR', 'name': 'Michael R. Bloomberg', 'office': 'U.S. Presidential Nominee'}, {'party': 'DEMOCRATIC-FARMER-LABOR', 'name': 'Joseph Biden', 'office': 'U.S. Presidential Nominee'}, {'party': 'DEMOCRATIC-FARMER-LABOR', 'name': 'Uncommitted', 'office': 'U.S. Presidential Nominee'}, {'party': 'DEMOCRATIC-FARMER-LABOR', 'name': 'Cory Booker', 'office': 'U.S. Presidential Nominee'}, {'party': 'DEMOCRATIC-FARMER-LABOR', 'name': 'Michael Bennet', 'office': 'U.S. Presidential Nominee'}]",NEU NEU EVENT CENTER,"514 3RD ST N STE 101 MINNEAPOLIS, MN 55401"
26,MINNEAPOLIS W-5 P-07,"[{'party': 'REPUBLICAN', 'name': 'Donald J. Trump', 'office': 'U.S. Presidential Nominee'}, {'party': 'DEMOCRATIC-FARMER-LABOR', 'name': 'Deval Patrick', 'office': 'U.S. Presidential Nominee'}, {'party': 'DEMOCRATIC-FARMER-LABOR', 'name': 'Tom Steyer', 'office': 'U.S. Presidential Nominee'}, {'party': 'DEMOCRATIC-FARMER-LABOR', 'name': 'Pete Buttigieg', 'office': 'U.S. Presidential Nominee'}, {'party': 'DEMOCRATIC-FARMER-LABOR', 'name': 'Amy Klobuchar', 'office': 'U.S. Presidential Nominee'}, {'party': 'DEMOCRATIC-FARMER-LABOR', 'name': 'Julián Castro', 'office': 'U.S. Presidential Nominee'}, {'party': 'DEMOCRATIC-FARMER-LABOR', 'name': 'John K. Delaney', 'office': 'U.S. Presidential Nominee'}, {'party': 'DEMOCRATIC-FARMER-LABOR', 'name': 'Marianne Williamson', 'office': 'U.S. Presidential Nominee'}, {'party': 'DEMOCRATIC-FARMER-LABOR', 'name': 'Bernie Sanders', 'office': 'U.S. Presidential Nominee'}, {'party': 'DEMOCRATIC-FARMER-LABOR', 'name': 'Andrew Yang', 'office': 'U.S. Presidential Nominee'}, {'party': 'DEMOCRATIC-FARMER-LABOR', 'name': 'Elizabeth Warren', 'office': 'U.S. Presidential Nominee'}, {'party': 'DEMOCRATIC-FARMER-LABOR', 'name': 'Tulsi Gabbard', 'office': 'U.S. Presidential Nominee'}, {'party': 'DEMOCRATIC-FARMER-LABOR', 'name': 'Michael R. Bloomberg', 'office': 'U.S. Presidential Nominee'}, {'party': 'DEMOCRATIC-FARMER-LABOR', 'name': 'Joseph Biden', 'office': 'U.S. Presidential Nominee'}, {'party': 'DEMOCRATIC-FARMER-LABOR', 'name': 'Uncommitted', 'office': 'U.S. Presidential Nominee'}, {'party': 'DEMOCRATIC-FARMER-LABOR', 'name': 'Cory Booker', 'office': 'U.S. Presidential Nominee'}, {'party': 'DEMOCRATIC-FARMER-LABOR', 'name': 'Michael Bennet', 'office': 'U.S. Presidential Nominee'}]",PHYLLIS WHEATLEY COMM CENTER,"1301 10TH AVE N MINNEAPOLIS, MN 55411"
27,MINNEAPOLIS W-7 P-06,"[{'party': 'REPUBLICAN', 'name': 'Donald J. Trump', 'office': 'U.S. Presidential Nominee'}, {'party': 'DEMOCRATIC-FARMER-LABOR', 'name': 'Deval Patrick', 'office': 'U.S. Presidential Nominee'}, {'party': 'DEMOCRATIC-FARMER-LABOR', 'name': 'Tom Steyer', 'office': 'U.S. Presidential Nominee'}, {'party': 'DEMOCRATIC-FARMER-LABOR', 'name': 'Pete Buttigieg', 'office': 'U.S. Presidential Nominee'}, {'party': 'DEMOCRATIC-FARMER-LABOR', 'name': 'Amy Klobuchar', 'office': 'U.S. Presidential Nominee'}, {'party': 'DEMOCRATIC-FARMER-LABOR', 'name': 'Julián Castro', 'office': 'U.S. Presidential Nominee'}, {'party': 'DEMOCRATIC-FARMER-LABOR', 'name': 'John K. Delaney', 'office': 'U.S. Presidential Nominee'}, {'party': 'DEMOCRATIC-FARMER-LABOR', 'name': 'Marianne Williamson', 'office': 'U.S. Presidential Nominee'}, {'party': 'DEMOCRATIC-FARMER-LABOR', 'name': 'Bernie Sanders', 'office': 'U.S. Presidential Nominee'}, {'party': 'DEMOCRATIC-FARMER-LABOR', 'name': 'Andrew Yang', 'office': 'U.S. Presidential Nominee'}, {'party': 'DEMOCRATIC-FARMER-LABOR', 'name': 'Elizabeth Warren', 'office': 'U.S. Presidential Nominee'}, {'party': 'DEMOCRATIC-FARMER-LABOR', 'name': 'Tulsi Gabbard', 'office': 'U.S. Presidential Nominee'}, {'party': 'DEMOCRATIC-FARMER-LABOR', 'name': 'Michael R. Bloomberg', 'office': 'U.S. Presidential Nominee'}, {'party': 'DEMOCRATIC-FARMER-LABOR', 'name': 'Joseph Biden', 'office': 'U.S. Presidential Nominee'}, {'party': 'DEMOCRATIC-FARMER-LABOR', 'name': 'Uncommitted', 'office': 'U.S. Presidential Nominee'}, {'party': 'DEMOCRATIC-FARMER-LABOR', 'name': 'Cory Booker', 'office': 'U.S. Presidential Nominee'}, {'party': 'DEMOCRATIC-FARMER-LABOR', 'name': 'Michael Bennet', 'office': 'U.S. Presidential Nominee'}]",WESTMINSTER PRESBYTERIAN CHURCH,"1200 MARQUETTE AVE MINNEAPOLIS, MN 55403"
28,MINNEAPOLIS W-6 P-04,"[{'party': 'REPUBLICAN', 'name': 'Donald J. Trump', 'office': 'U.S. Presidential Nominee'}, {'party': 'DEMOCRATIC-FARMER-LABOR', 'name': 'Deval Patrick', 'office': 'U.S. Presidential Nominee'}, {'party': 'DEMOCRATIC-FARMER-LABOR', 'name': 'Tom Steyer', 'office': 'U.S. Presidential Nominee'}, {'party': 'DEMOCRATIC-FARMER-LABOR', 'name': 'Pete Buttigieg', 'office': 'U.S. Presidential Nominee'}, {'party': 'DEMOCRATIC-FARMER-LABOR', 'name': 'Amy Klobuchar', 'office': 'U.S. Presidential Nominee'}, {'party': 'DEMOCRATIC-FARMER-LABOR', 'name': 'Julián Castro', 'office': 'U.S. Presidential Nominee'}, {'party': 'DEMOCRATIC-FARMER-LABOR', 'name': 'John K. Delaney', 'office': 'U.S. Presidential Nominee'}, {'party': 'DEMOCRATIC-FARMER-LABOR', 'name': 'Marianne Williamson', 'office': 'U.S. Presidential Nominee'}, {'party': 'DEMOCRATIC-FARMER-LABOR', 'name': 'Bernie Sanders', 'office': 'U.S. Presidential Nominee'}, {'party': 'DEMOCRATIC-FARMER-LABOR', 'name': 'Andrew Yang', 'office': 'U.S. Presidential Nominee'}, {'party': 'DEMOCRATIC-FARMER-LABOR', 'name': 'Elizabeth Warren', 'office': 'U.S. Presidential Nominee'}, {'party': 'DEMOCRATIC-FARMER-LABOR', 'name': 'Tulsi Gabbard', 'office': 'U.S. Presidential Nominee'}, {'party': 'DEMOCRATIC-FARMER-LABOR', 'name': 'Michael R. Bloomberg', 'office': 'U.S. Presidential Nominee'}, {'party': 'DEMOCRATIC-FARMER-LABOR', 'name': 'Joseph Biden', 'office': 'U.S. Presidential Nominee'}, {'party': 'DEMOCRATIC-FARMER-LABOR', 'name': 'Uncommitted', 'office': 'U.S. Presidential Nominee'}, {'party': 'DEMOCRATIC-FARMER-LABOR', 'name': 'Cory Booker', 'office': 'U.S. Presidential Nominee'}, {'party': 'DEMOCRATIC-FARMER-LABOR', 'name': 'Michael Bennet', 'office': 'U.S. Presidential Nominee'}]",ELLIOT RECREATION CENTER,"1000 14TH ST E MINNEAPOLIS, MN 55404"
